y_pred,y_test
-118.52801259978341,-150
-134.8654597961808,4
64.463691610262,94
303.2437682573366,164
-139.64771127339492,-70
-95.1537567959427,-12
-5444.008612591041,-4619
814.3812717802472,547
42.76782253013697,-39
-490.4475254915309,-428
-56.00171761575097,65
-119.5075967020398,-44
-252.22529902891188,-78
-82.72662970409836,-167
-355.49339695387397,-286
-4158.778860928634,-5102
-208.12097332166746,-75
-22.626180082430615,-72
-1229.484882436427,-1114
-53.86349722275301,73
-182.18372462800198,-164
4331.6292231286525,3442
-67.05901839711223,93
1221.5480371657723,834
61.44412982993586,-32
-381.33955848286223,-97
-487.22757208546824,-144
-162.22518876353342,29
-57.34591243887063,145
-1336.6493186417615,-1053
-167.0903326687078,232
-319.7039318042803,-420
1607.3878967906646,1833
4025.916876696651,1781
-274.48800821312557,-52
235.08513287120888,172
-272.13581839527427,-97
1617.885898977047,460
-84.44723850325502,45
-133.82297650460276,-76
-103.65460564094167,-29
-37.90997226552631,172
-19.860420400078404,167
-127.24378500887549,22
-88.05933613511434,-96
-45.15617675487394,178
-45.85619486279042,5
2160.5880455217275,2339
-26.62310944255647,132
-158.11939884045677,8
494.78987860672675,-2259
-1.0800665575838906,142
13.149228675865743,-118
8.48952022425837,245
-1252.1863819507075,-655
-108.11002412879103,41
-181.58718428205952,-69
-107.75721999332725,-9
9.839159821502847,94
-238.77390918690492,141
-131.57941748522416,83
1196.7628465103326,1341
-149.05229567005858,22
-184.7040009923935,-196
-167.58939901339215,87
-130.56131222550408,-54
-166.68802096268212,-10
-2020.598985887757,-2784
-60.764075522950684,0
-147.21632677948202,99
5449.977026260611,5897
-20.813832986391915,95
-224.6845331332313,-72
-9.976326371395189,-56
-3406.256791885765,-3450
-49.76484395577349,6
-2206.86191631252,-2043
27.061117539554026,70
-1297.2353971340892,-1134
52.01195594178384,110
-100.20118073311639,0
-128.9902800425903,102
-99.15650348504951,-24
-185.96306853850592,-102
-103.23033415081186,-117
-146.02223622134198,135
144.66954868602704,-9
-83.56618547862905,-22
-106.43560652250858,-27
-72.78167534615768,-29
-30.100105065802246,19
-293.1835184530209,-207
-95.26721569981173,10
-2386.824130000069,-2865
917.9112842523255,-489
-184.24828794128672,-23
1655.9181465427148,1334
-57.74957659012603,-113
94.60313969633269,97
25.46660973517892,-224
-209.47239280966141,-301
28999.00272804485,23139
22.333275978331443,4
-60.20124939348203,-105
-646.7134599885617,-290
-336.893305506426,-330
-119.7837320404412,-31
-224.75463780638546,-162
-43.38690399942463,-5
1392.0187920358483,2328
12.317367213470021,-3
-143.77944363676505,-38
-86.74145476648923,-82
-105.35135879694799,-37
117.56397551925049,390
-15.65521128718342,55
-1146.3695617974195,-1387
-272.0078064179105,10
-39.8518512825094,28
-362.4948986164458,-173
-1371.45945841928,-1501
-122.42559564733271,40
-127.56721287096032,-13
-88.69117302079061,24
-147.25660709210314,-312
-665.4649084371408,-521
-164.38288663497627,107
-2292.3325867713165,-2445
-121.44534813427025,-16
-338.08636261074304,-399
36.388644575302905,-121
-132.0259783514523,-14
-13.711672602769617,-93
-101.57273214789399,-40
-51.695247139862545,121
-126.0292932314827,25
-74.42989560437522,55
-41.608890394729194,-48
-114.43834166737093,29
-33.67422469953644,-71
-643.7274915823785,-502
-10.104457841377297,-62
386.5978140067358,102
-236.72145379032162,-117
2014.0511483139674,1184
40.82478498379241,109
-99.30903770860321,-28
-70.95190262892545,110
-96.08467444900654,-71
-3354.8112470431934,-3662
-609.0775809097688,-512
-87.42550034635981,112
12448.118059526905,14847
-95.38315671496066,-202
-408.80534819636216,0
-42.77231589357711,-5
-67.9869193675748,76
-93.92709679372221,33
-103.13190833302936,8
-329.6699192307544,-316
-56.04139209260242,123
-408.890901798133,-15
-18.342955826759322,6
14.255676841613337,45
1.94607284408076,46
3592.045123215453,3140
188.37544545912635,-137
-83.92017893896413,34
-3.4810507022912205,34
38.01644487615799,37
-798.7084653243394,-1309
-93.69412215292387,40
-2155.8105366734153,-2531
-114.49549614509804,85
74.55029153065935,261
-101.7631935024696,95
31.82665498519482,119
-69.50006738547906,-23
19.599645900523242,152
261.77994027964615,178
902.1512441590755,-218
3144.411196291747,5308
200.285025809508,314
-90.81007101127993,-77
-102.10399552715737,0
-94.4887313467019,0
-223.42872234863307,-44
-71.0740217804114,-40
-16.21719904461068,117
231.98973465173543,579
-37.95980696981164,-7
-51.790028974856114,128
-191.55933539975598,-109
-75.59096305765466,0
-121.39334598269495,0
-105.15384060744877,-4
13.635497816568375,-54
-75.54579929301427,-38
-395.2441670805503,-289
-19.8329270452437,83
-24.604300641774714,26
-144.46717856557876,68
-947.9720040279718,-964
-789.8999397575058,-451
-170.75646126161166,-30
-38.27680345073911,494
-133.19449167350217,-162
101.07767053434905,-3
356.42771056998487,562
-66.95763400658976,-57
95.00744437252433,81
338.0639060888074,555
-377.81866597237126,-261
-231.79944942952744,-249
-345.05945026481214,-87
383.9896105487738,472
2380.8668729037627,3235
-87.28983411659802,-39
117.5428899130473,188
-87.00525303934528,-79
-61.907874189531746,114
-193.1794332323426,-58
-4111.700841679687,-3577
-1093.925964401586,-1364
-78.87072849428789,-40
-169.95103144947802,-42
20.313315403809796,98
-411.7793271249762,-194
-37.03997813972052,-106
-144.7027712762942,-185
-30.948326277521915,54
-58.15074814355898,13
-1501.9788120109085,-2422
-17.737561726136477,-69
-101.74083878305116,33
-134.87088611022125,173
-82.65055758550189,0
10895.442784545487,4185
-16.25913042230428,-14
101.33820390471917,-38
-34.5571574444472,-35
-170.953833060252,84
-111.45126294838158,-33
-976.8189208255475,-766
-140.25458170098057,-16
-107.19885901920246,119
-71.38563539902785,7
-851.4006449236292,-1081
-1325.7814261646165,-1104
-460.8004865573351,-218
-60.1061892080987,-20
-336.7632390912917,-174
-59.016727240650184,224
-239.9115153893714,-363
-71.36254558384933,67
2377.165141924846,2841
-0.9961647322790981,135
-153.35043113158582,-30
-36.686260024153,9
-1499.0366526834944,-1627
85.11606853500778,43
-502.6596955437328,-145
34.763311912315274,-41
-116.69906485413367,-114
-113.03827693432076,-25
-258.79668802558774,-33
-87.79224967179788,-63
134.20506163776798,192
-44.22342338733398,51
703.1478323868467,1906
-48.52850000277458,-81
5.662750464326621,-382
-141.68757685299528,-199
2.412551183226917,19
-39.98828846270172,-195
-322.0220310601963,-173
426.6002114909509,764
-397.2379909434893,-235
-173.393812327742,130
-768.9766692716835,-997
-339.2914139138792,-267
81.2912535728204,-59
-92.55158995355129,52
31498.071338546564,30702
-1066.1982988489162,-1097
129.89905726149487,283
-4340.3564518671465,-4584
128.90715424915237,261
-262.1884860225539,-981
-112.50876998751328,75
1311.726924557302,1414
-4658.3765764032605,-6648
67.81860960621795,149
-108.9821533081486,6
3.414687212289998,21
-51.48740600904543,26
-483.68073677022346,-305
20.6030183678995,-17
15.47605078901151,48
89.28544041727284,48
-111.78922279676317,-77
-104.60913167665066,-19
9315.687092132126,9357
-325.4680541641883,-164
-175.81338978234845,100
-1340.0543079129825,-983
-324.6454613248908,-208
-77.1067592792562,-29
-64.204285471117,50
-150.9873766292244,48
-10.60487589033238,23
-86.62297906429907,0
-65.75778965518847,52
-115.16003128338156,-13
65.93950838831866,48
-1565.2189004643087,-480
-156.59259037856418,61
-109.88867127831254,-137
-318.7522683168078,-193
-83.27764868222405,-50
-110.23196802178596,-16
222.40000277218684,255
-42.522981599629944,51
201.69329907097193,59
-19.75422126588132,242
-98.2354154046667,-7
-224.58931736286223,82
33.48897293213181,-22
-758.8615878029987,-413
-102.65657528013392,0
200.22959871931175,171
33.52362797273234,27
-140.6726773170857,-73
-142.58997710008066,-93
-8457.786742093904,-11525
-86.30396570414406,62
-1736.9283805008529,-1648
-61.670764339407484,52
44.814374280682415,-13
-530.6012088030684,-529
-167.10421816357837,63
-252.5855822196545,-186
-143.46213265783302,117
-660.7351632382248,-984
-27.243967017121676,-33
-3370.288198128235,-4101
-274.312480430702,-283
-390.60589528454545,-281
12.707274980218145,64
-274.8464071177928,-230
169.11543772562163,556
-62.764420302141474,22
-37.966375308743956,34
2239.699875148542,2052
-445.9160411363145,-304
42.595063852965055,-78
-823.5478729736059,-994
-4671.361359724769,-5208
-146.85006121265565,0
-1150.7941975605654,-1227
-143.14095243865881,-43
-65.42188519694592,-66
9.157445893660025,-139
-510.8671607018448,-732
-222.90288984678864,-148
-453.855737184056,-571
-93.128173258735,158
-406.25567782290983,-439
-126.09772844089808,59
-26.478782806143823,79
-75.65465509619635,-47
-81.37257644579883,-12
-242.49466713422015,-75
4.562932754110321,-41
-91.75720705137803,163
-5423.988338254497,-6237
-24.294035451359512,165
27.697958728340936,110
-157.22526459757125,-77
-150.73430536045908,4
-326.5979070487639,-103
-160.1964366675187,111
-183.41987832541332,-203
-111.58764251621973,126
-22.99655721778968,-88
-135.4642792599377,56
-995.7408343654129,-1170
-180.33239025378532,-41
-93.38500296745565,-13
-266.8804150591863,-191
-65.44336155433483,-23
122.75029548842642,65
-290.4609197317371,-453
-354.8616542652713,24
-131.4540932934553,-177
-112.61722807962381,49
-1298.994584150946,-1522
470.8434967000318,79
-41.346973291603426,12
1667.0410374641733,2289
-35.28104878579262,-90
2038.642112971177,1763
29.12362558143912,-1
-35.32269047040382,38
-309.2301825103131,-36
-83.91736589409956,15
-2477.7089361030753,-3062
-364.8441501589436,-213
-57.202640124986615,-4
-108.66697382034268,0
-52.302887728904594,100
-356.1750073224451,-106
-283.67902376577376,-219
-1341.5482022500796,-1538
-99.90858476217927,87
-58.68061585059695,-68
-56.70498072428173,-55
-66.02933758788467,-44
-91.74020702705566,0
-127.06692942874817,0
-73.74978365794517,36
-62.942489306202845,0
839.2496798862965,642
-73.65637469410298,-4
-1587.5444215307393,-1667
-36.842200337645124,0
-79.47949112246728,226
-518.5604875131678,-833
97.09792763996218,336
-193.05544822330592,-2
-18.193598252434843,197
-195.45378646263896,-225
-227.72142261951444,-168
-113.32850874788927,5
-168.35698860058244,125
-107.37558280614009,82
-32.02425532534264,-13
-81.794373746515,0
-47.52930451075642,29
-210.68210102059356,49
33.76040902463614,-61
-75.92514670995925,8
-64.79408728916188,38
-5635.620275835992,-6815
-163.7510012602349,-140
-86.1956884217583,-1
-125.68847996063874,5
-125.61064995289848,112
-187.1313518480526,157
-526.0468657160961,-605
-38.04855987909529,74
73.90262863690266,5
348.8919361033636,1313
-143.29169579323502,-5
-1268.7815172499725,-1155
-5.611519672310891,463
-361.59551869772525,-114
-89.13115209723911,-40
-120.7123633965104,-176
10.29579327326097,100
-1507.5177764560856,-1624
-11.933937677148307,9
-93.63129340887613,22
225.58040508059707,347
-140.73411566470497,-17
-202.71047420054333,-193
-62.365471732721815,65
36.849090612951066,126
-61.70389173734676,25
-418.14178756286793,-834
-79.74479391509357,66
-310.7477146617128,-319
80307.9862873805,83422
-1673.1434922829196,-1408
-81.1170253523325,-116
-13.089504200346028,138
0.11591442965216459,17
-782.7124973023881,-496
129.04647324550837,351
-1308.7291305204353,-741
-164.48090948755106,-64
-213.7646723376073,-131
-23.449070174776953,126
-978.3372697326141,-1542
-211.36040118265203,-142
17.940089123467388,104
200.61240298551485,294
-291.65053392891235,-246
-80.99726322310825,-4
-2490.107653626184,-560
-604.837716861309,-656
-24.838997268360544,14
-1311.3445534531706,-1964
-900.5428902231001,-692
292.6039527659483,178
3600.7283951827853,2912
201.73346476871268,-100
323.3597790054811,641
3.4132242589942123,-131
40.02865868139027,-42
356.63908822933047,423
-27.83652394969249,-45
-182.88084940676947,-98
-214.98040039869772,94
-57.851333350201884,-252
-268.7356717838747,-226
-578.5067541883292,-463
212.9696210471351,146
0.05935669503107022,-84
-38.47222738074796,-28
-79.63992754807408,68
-370.84992780973636,-156
-329.4712876819521,-301
-1932.4001766715023,-3089
-108.39573730430526,35
12.17794108615385,-20
64.34602652210852,130
-29.661163029557386,-9
21153.399310373446,22970
-36.685547101826096,88
335.751389225227,521
-113.50268748771039,8
-127.19823668286678,45
-136.7753900351193,-19
-80.36452330363049,18
-63.08505954323868,-17
-138.549275562018,103
-72.81309252676651,-65
-219.36488983989517,33
-4.7592070770943735,39
-128.35367378981846,-20
-128.6403315466269,56
-2787.6575011264863,-3643
8088.663365244335,9329
-1791.049387712678,-2473
-262.2571977671424,-69
205.33621275062853,311
39.16726494417573,150
-682.1093280343499,-607
255.38853695026864,259
-20.61830524361889,-25
-253.41370803668474,-197
-160.64534770459687,-71
27.63135653017622,82
-60.07930728084246,48
60.08295638015741,-170
-40.968308207902396,2
-111.60976815640967,-49
-519.796387949411,-314
-91.8108543392993,45
-307.85251934518675,-192
12.029179341962646,24
-234.43869419407935,-445
-92.89361358359957,-39
312.1226507539739,-278
-151.5297096183727,-33
-96.05664595557244,9
-45.31242322664814,-13
-478.396893055328,-499
295.05295190617807,334
-19.970215847412312,-101
-82.95868862269425,18
191.84737808847478,-3
-8.682855180685792,-9
-111.70499193552105,-21
4.585254317643454,44
-7.780676448111521,48
-122.82171994942503,47
-54.22823970717796,-68
708.0842660188563,1184
177.86396648467166,42
-9.362741778338929,75
1179.9951103156898,1462
4282.613655149365,3225
-366.89283376772954,-304
3782.7578916715943,2619
-263.9218753022989,-24
-273.32709949586405,-243
-107.12283848299838,58
35.92321286783954,105
-255.84348208537853,-108
463.62750797348735,-66
-94.2654124485573,54
-1875.288039054508,-2009
771.6617164487651,1223
-92.39325196054534,-37
-99.77902080114683,0
-67.75414095566131,-118
-1311.754870260766,-678
-1549.3013652596908,-5405
-3706.6840269510108,-3677
-83.90754853128848,44
36.49629882436302,278
-14952.658196472541,-15651
-85.698421329029,-34
-784.1636864061394,-1243
-14.306798067615127,34
-832.6027691271858,-995
-68.25284839573912,-86
-38.80225505989445,-10
-1231.3907321217291,-1013
-58.65215705364309,-57
-165.46810328188377,-144
-81.40494582399283,-47
-352.48156509064097,-504
-93.69380766616774,0
-13.857554373847805,-165
-170.82501601296428,-5
-23.526611463866217,-156
138.5936936138006,257
-252.89099534187955,-29
-135.68979097649736,-28
-36.8714152010162,230
-104.10902240452367,-51
-111.42000616235129,5
1118.2771341628993,883
-210.03404653455107,-29
-231.7379599251259,-272
-118.8530744642834,-216
-157.77390604185655,-96
406.54856349805726,148
-19.31123355263051,32
-1.0822755839793814,86
-6.175552495890855,12
-157.19965795806797,-128
884.3128665694522,1293
-56.21634847633007,114
-226.4117524879723,-73
3062.1451963264376,3432
-153.42809666604586,-285
-528.5712405434186,-434
701.6780385689194,1404
-874.0244684789967,-868
-113.12999545101545,-145
-183.66298616896336,3
-78.12610577511803,66
-804.4301240647185,-720
-215.56104231805705,-37
-447.2168858124657,-183
-159.44460096791795,55
-9.268677205106634,106
-57.6996429548347,-48
1763.4845598555523,-16
-283.3227472568681,-47
-165.84666864648534,-62
29.383222117322646,17
-98.75512319602849,-13
-142.66245055768047,54
-29.29924972054335,36
-97.08398039163392,33
-133.93823501963618,-37
-40.23958554372542,-20
-283.04780565247097,-83
-187.76016095319977,-130
-63.07459165001738,-31
-34.44869779676726,27
-107.86505233659973,143
-198.77824311959426,-255
-105.53306691143361,0
-120.03479284660874,-123
37288.45011984047,38289
-501.51576693337756,-200
-137.92414908652847,37
1112.6321074860139,1644
-308.1430882965589,-321
113.25917292378188,77
-246.77988164549294,-570
-133.78109655718646,31
-901.578147838732,-705
73.4886310495974,101
14.460561626624923,60
-38.788975506812896,0
-0.34750573076669866,142
-222.06158757597927,-83
-1751.9230963960922,-1511
-3.293996200724216,133
-85.91069965536732,0
-67.14449402657438,2
-155.95224267312057,228
-165.239682411201,-109
1841.8651651607813,2678
14.443369507502908,-101
-2825.51814147547,-2990
720.7826721974363,671
-26.78415454534945,-7
-76.42798648286451,144
-0.5716091753995869,147
-141.15582770946986,59
-32.17484054676389,65
-1469.2220741546914,-1521
-62.13670413777537,-61
-119.53731880677306,-369
-223.2684230434864,-92
22682.947143552232,22581
-1055.0749649243924,-195
-67.02601592303633,7
-138.59477991438354,-157
-402.2546808473484,-278
-116.78643154605504,-129
-69.83544768589368,-3
-178.78230817507148,-175
60.23581557929133,79
-1234.8873007630568,-1622
374.20918906021467,676
-252.44689080945636,-127
-8.207663394104586,8
-38.01188196775648,-346
-691.3325415505599,-950
260.67737640160175,687
-47.135209952701985,-412
-197.68731883715316,-14
-152.91320522398615,-157
-255.399919140809,-78
-134.19193034706592,0
-177.29125422200394,-45
422.5470122076546,251
-98.71542064814425,29
-1978.1635398791245,-2891
330.89741093794424,236
-54.938555973014545,61
-258.880735414241,-272
-70.10864555205296,38
-158.7974127857678,18
-83.96575434629908,-58
-376.2499215936036,68
-28.04898608286191,17
-1228.8549710638133,-782
130.77122065401664,152
-53.01543766029164,140
-177.5853599676305,-611
-100.76705531546058,-28
-513.3362074365789,-268
-393.62137977603794,-766
-99.22383482122468,0
1316.942277986344,2204
-79.21419705112554,42
80.67896036215254,129
-117.21753345528951,-43
-114.54393148591937,-87
-115.86838279051406,4
-111.21411129265104,0
36.79243320035924,44
-85.68282358397151,-4
-304.30313328765345,-33
-81.82598063241203,88
-88.93726883319333,-59
117.66284386891259,-64
1048.1872392718512,1070
-188.8418919869472,-263
-1725.0425091421405,-1213
-11.163011764312472,143
-536.524899214487,-564
-906.1718715060068,-256
-136.85625839053444,25
583.2974344766569,1186
414.1652567277049,-138
-4.065231881545202,7
-105.84382091429876,191
-19.93326429472514,105
50.31376293342345,88
-1003.8043497528571,-1225
-288.1926185969837,542
-7.015157230988379,-14
-102.02432283051049,36
5.9605108330910355,-54
-479.68000263910693,-236
-148.63791489131086,97
-97.6562665266177,-44
48.93991746021517,-87
-247.52247874573249,197
-152.95994953546472,-127
-39.15861867564717,-40
-108.14205667483098,80
-102.31900555728123,75
-65.07190480607933,32
-356.5811464578211,-273
-244.5543397567227,12
-79.68375688240972,-81
-80.45065968572037,38
-5.9727484226226295,-17
5677.377013694881,7039
-382.6032066326207,-361
555.6469018981193,608
-167.02541884228725,-110
-228.9492671769064,-133
-511.13351747703433,-362
31.474991600687844,-46
-271.8392916623692,-139
-66.59245985876923,-278
-213.8721430960091,1
-247.43120658796056,28
35.27473234530018,132
141.73183935185108,87
-52.954527525843304,51
-105.335750112334,-65
-312.2336005619481,-128
-76.37951545520859,104
-687.9598923599084,-493
-57.17911608295776,0
-141.7709551356354,-55
-115.07934328705917,66
-1640.3048592160612,-1327
-113.275954717362,0
21.365333553240077,19
-1104.5564178937473,-1041
238.87056160731237,183
490.98877773349346,47
-474.30542357025007,-406
-213.52434089973997,-230
169.2743834332249,202
-131.05926934460138,-34
-74.25026366485768,-38
274.3272291116865,308
-430.5355178128301,-524
-279.54684148567,-283
-13.690828756651982,104
-488.8472820262789,-319
-111.5420669720089,0
641.8090353626236,602
-68.0345771962388,-410
-755.0901583041208,-676
-291.35237914102396,-90
-22.048363540874107,-113
-348.6916351898915,-302
-190.39288918168927,122
-41.99023439692004,106
-194.42696810293518,-336
-540.7379196321106,-92
-1253.6493019337343,-1249
9885.08522451416,10044
-75.49562533586736,-59
17.901744016620867,32
-62.197406541975774,74
-1368.4222559617556,-1661
-244.5279102784404,-149
639.6206281130011,260
-758.4301444820599,-608
-44.574552455782374,2
86.57298201362848,82
-53.52230815774962,-36
-91.43646781748782,9
-683.3723416893627,-623
6449.869846161445,8299
-577.1273924138061,-377
0.47733653548462485,-52
3565.9616057201656,4276
-6.255381480400672,-93
-757.6618922451801,-366
-50.54337950610304,1
-550.4018800671103,-369
-134.00305111301344,-37
-72.15969627248468,-23
-6.686530110756429,10
-92.34616859634413,-12
-766.3198802579202,-579
-160.6836441846084,51
-715.7080500596287,-531
-107.69618553187011,-12
-3445.8533457887165,-3653
-1039.1409969487752,-966
-102.84848614020791,-164
1.8669326613136974,92
-76.44256360568961,91
-195.87239431452264,-67
58.520472163759976,-60
-122.84058618505316,121
556.6013475716521,315
-408.58319748233333,-100
-61.62909877189754,-153
-37.05722601883038,-28
-2.976995122053893,34
-1193.6184377220227,-969
15.345000989913174,83
-28.122709841632116,-45
-868.7456141998866,-1122
-120.97043101252252,0
-235.54698802635687,-105
-554.7080648228234,-294
35.59074837818602,92
-48.6774823869357,-19
-30.651717967819167,170
-1997.5621640545164,-3258
233.4268857083199,383
-154.12029046919247,70
168.15317959299352,-21
-299.95734636696864,-204
-293.72315710203856,-259
24.851346399016677,3
-11.569332347118923,-8
-7.711211280631275,37
-284.47435553404733,-162
-116.10560624954921,-33
494.8677571528686,419
-65.46952759577543,9
-82.75745399274693,2
36.85401683337756,-35
-89.07511301599874,18
-203.7413652305724,174
-60.67481520466954,40
-339.75547721418326,-142
-471.6453952447877,-705
8.948454175787575,162
-1055.293811296413,-1141
-82.03635030698416,-19
-87.43402787994657,27
-213.04407202454024,-130
-8.36952876056781,-42
28.01335518672567,124
-798.575288505404,-1266
-125.57652656246869,-7
-106.3944950433327,-9
-15.04826339563742,36
-125.11151773012672,-89
-248.5134187044722,-34
1990.1156171314033,1545
-111.70983766308528,92
-337.22816644136816,-54
-79.55183888615423,-57
-59.04630998315467,29
233.98611548341609,131
-4.704747545595673,-22
-301.34123475073034,-59
-72.0296005276081,90
-74.7337603346642,-44
41.7648398299581,48
-206.53434428693765,91
-95.15674961742161,0
-1412.552245712569,-2211
-105.51965426951429,-7
-269.24656972000327,-224
311.6778778523513,600
-122.84789371695287,-33
-89.54298793586047,-113
-89.28393504046133,67
-512.3904959604088,-493
-5254.85120473172,-6731
-208.82969653502937,-94
-47.39273733865775,-291
-670.1205803384069,-379
-43.55357266365112,194
-160.78909977512268,211
-135.23350301031059,-38
-21.679090497275453,-8
-1731.1459787067597,-1901
-34.186211794784136,-61
-266.0938921071392,-122
-140.74611811147457,-289
-231.45999389267922,-80
201.3042764093576,339
-14.429156250138362,-47
69.854906495021,-673
-162.8178826925796,48
-177.6165307750058,-69
-121.95493325567392,10
0.9105566502497737,94
-165.95953029974925,-101
-144.2430783030946,-89
-454.8197739592808,-710
-172.17286429649465,26
-70.80537575803004,-102
-87.61259883256571,78
-784.5160065972393,-724
-120.94409025439758,62
-264.2945921019604,-83
7.102900357887421,1
61.13428024724415,382
-54.704898518278796,-58
-122.63725254874609,0
-107.55300259535136,-30
26.655124500469938,119
-67.75561526594369,0
-54.923830462735744,54
-220.2187858485279,-42
-212.47880906184588,-4
-243.8616037926352,-236
-86.11899411870726,78
-1455.6983459265962,-1604
489.6256004916262,661
2999.9382174682073,1958
-294.9860904473232,-92
-689.6035509362493,-617
-138.74105982137013,-124
-70.61574895239606,0
-167.48546595971987,-71
-169.39440358902084,-322
-29.951987028735516,20
-37.43860558136515,-73
53.88408368379571,296
-118.30031382590285,-9
-86.26305776970639,-19
-27.45089939714131,40
-86.35872894949642,15
-86.89582888466681,48
-196.90437381858885,10
-18.251089200122763,-48
405.79658020144046,439
9478.348250074061,12974
-62.08916617010016,-42
10.27249379773815,55
-26.966054702261218,238
-488.0035925620523,-609
-104.86778243921556,-24
-93.21085501795353,72
-30.165571235463723,33
-210.8393881743333,-16
330.2251466786673,642
-87.05161698080789,-78
-196.80928874580445,-108
-214.11362241383785,-57
-210.52600821292242,-73
145.0215035583854,159
8066.1039074949695,8175
-139.83592841689125,36
-407.15663756524833,-368
188.6999434171164,69
-106.23490742160597,-33
-946.3110068156351,-1328
-61.8281295414686,0
-92.58324759294042,163
66.53257745487939,83
1427.389809569838,2239
-101.1392515192337,-109
-118.74141241702385,7
-79.73258527204705,0
-1138.8165825237413,-1109
6736.942942299257,7427
-82.13356325761177,80
-108.98066607546708,13
-1807.373786455254,-2538
379.8456373149217,553
-113.11016590943733,-104
-251.81938228052252,-114
-158.28623259904452,-26
21.794570146361664,-69
-103.99880687687782,58
-171.37627554797302,-101
-143.01164163730363,-66
-59.038976622423604,150
4170.610603856689,4723
-165.94645175456225,105
-42.5533610973078,-137
-16.374626868670525,77
-986.6093187555632,-1307
-71.75318085741985,67
20.598472293121986,108
-122.13747081178138,-74
-151.57676778561506,53
2.625215537714425,9
-1730.757319474879,-1559
-42.96160324528064,79
-95.6043277039543,-78
-23.568720280379793,-64
-26.207552093925557,121
10977.601589621632,12293
26.083199052426238,352
-173.5945179471276,-371
98.16989808538928,-67
-75.0127365827359,-53
-120.7418583362835,-171
-92.00585415995667,-62
-21.062732425435257,12
-1670.0454090562614,-1245
61.650754551939556,-107
-22.663524620851838,-16
-164.7075482950566,27
-129.05841291456733,29
-123.69461522833963,36
-904.0826660556277,-1045
-102.33013145773718,-31
-89.3209245575997,0
0.17296059067392378,-4
-133.16583779233872,100
-586.4099457727295,-600
27.209201590516102,-13
-110.24590329656628,-265
-72.04674008043371,-27
180.44108091760694,110
-330.28650444009025,-230
-21.525091951258158,72
-180.59720838777372,-72
-282.03773889251414,-24
-94.56101304407763,66
11.143972293275091,4
-108.90329481321797,-4
-79.38464679274416,0
119.67153744262264,112
-114.96727588625225,24
-100.60577113450832,114
2481.0975352788687,2114
-102.76243819806233,-55
13.996921739052354,56
16.135658888174916,119
-185.26453330984197,-68
-7.6267493388793355,4
43.66552828491649,125
-3552.665734459267,-3802
-415.12800214090925,-166
-192.37981209825773,-38
2106.7254712538465,1246
-38.62285458848389,-18
-350.96171946708597,-36
-893.5545912075069,-754
-1381.4155387395606,-1370
15.089288178516739,8
-41.36275481259263,58
-36.77742545791445,100
9.673270619420904,93
73.75464220536234,102
-37.14936115176831,18
-136.1869699916565,0
-373.6288337618792,-186
-62.08633782609151,-38
-3261.1612403123586,-4565
-8.778137673019891,0
-273.89738689531225,-403
-122.14970805581402,-193
-128.9084437583599,-9
-78.17565698395306,67
-99.6496765939231,-6
-186.03996552423678,94
-258.6479636377373,-243
-563.2749350617792,-332
71.47900461415429,193
-138.25724422352403,102
-94.64038127254565,0
-348.9929912810536,-144
-745.8031025324563,-198
-12.854551668511974,301
-222.47509935489268,-226
-2138.680029118077,-2179
-204.6458139248292,-72
-153.9097931896912,-143
-120.55115096789415,-106
-53.78746233323574,33
118.16904137023911,69
-13.891722795853013,0
-285.9818544717277,-277
-103.9883066517971,-105
-271.8395320623344,-932
-54.86494897477651,-142
-148.29239406992667,-24
-56.25592635985628,80
-3.559212151582713,18
-36.43240301440078,-3
486.7816447258221,349
-344.0255603637662,-109
-219.57835810986847,-183
-4787.529899109269,-4651
-286.98372264659787,-30
-124.1353030788279,-6
-55.68859971187286,75
-88.80368855328149,15
-231.1059523840657,-100
-302.47670501766873,-764
-275.34381072070676,-214
-123.03008777866275,-139
-220.6739525934949,134
339.865558872892,-102
-1277.5152859730017,-808
7.932203284328359,378
-68.90092959463706,72
-282.5294250516165,-79
-56.11934706278298,-27
-169.0361679814173,-65
-841.3463447158555,-926
9.46318680671304,-40
-135.4698780598743,-8
21.057126077486828,-85
-130.21677505075655,139
-91.05280729959762,-59
-78.1139333907637,-9
-524.8295685279646,-268
-47.40049915297713,223
-7.700658535202777,129
-65.47702842083918,-582
-365.2927906699523,-462
-283.20601573564903,-294
8.445884907998547,-8
-5100.136158846256,-5829
-101.84267556467665,175
-412.5599129908174,-322
7177.460893530237,6419
-239.5940165714618,-295
-2906.4574957882437,-3056
-494.32354103909364,-295
-39.824868660479595,-24
-262.2265527512166,-67
-181.6547175392492,-180
-213.72973949601652,199
-3.4338363635466393,-27
7.133475200551388,-9
-67.68053136474059,32
49.8299222995717,126
-50.40515502287583,47
41.045258076928434,-10
-93.28216291123097,0
-2657.683601057239,-3021
171.06679693792677,-57
124.17541568287386,440
28.2779221960146,49
-107.10366329940676,95
20.78815178335074,-45
-159.56285245905752,126
-36.406741571789254,-33
-90.61707130873374,62
-108.585374785735,-38
-103.08853670065308,-17
351.1621550385448,655
13.317235415716056,11
-138.284734340493,-82
-152.47478128539973,-27
-115.16076099781012,0
231.84349980585966,254
-207.64119067159834,-67
9.438069861179947,10
-25.85356756727451,104
-35.95087815794492,31
-550.8156598615052,-304
-51.89103964776718,108
-20.42457294129638,-78
-234.9262750147294,-104
-391.48009774658436,-217
23.23311394265332,22
-617.5481057885706,-618
-115.01433173051343,-33
-689.0968739244836,-356
-150.67474256380024,-55
-109.22678011618149,-130
-217.77128749508984,-352
-208.77572737369923,37
-182.9219021907536,-95
-45.07490441668956,64
-662.255382426515,-906
-3384.7683276492567,-4188
-188.59218526941817,-234
-1654.1985326272695,-1744
-228.50623459590412,74
-158.13352255004412,10
45.95883723587238,-63
-2.8049270528899157,-43
110.9430196911221,255
-118.12091220403437,41
-123.39867966183293,34
-1158.0253447147104,-903
-235.72223293151313,-8
44.29967799009519,173
-117.89529118031956,0
-180.95984675517303,-79
-329.9582327620427,-153
-157.49118972336834,-193
-123.67707633911166,93
-96.32577276395988,19
-1483.8566577089116,-1758
28.550734313110723,-178
-209.8273381844528,37
-121.83490843913482,-71
-695.2458298917211,-463
-501.05530411149215,-546
-130.87949969447726,-124
-966.1805900120555,-1440
-251.77650283017925,-152
-219.26507115346072,-308
-53.41144625891161,118
-146.18835822160213,-28
-83.50452741574455,-35
-233.46551411233742,97
108.96601843970875,110
-71.89667436043867,-2
-54.704194426964854,50
-224.72939578005355,1
13.468813108525026,85
59.95147554382395,184
-529.4689917176433,-346
59.322816581383115,104
177.49772803320502,132
-124.91118712521606,-1
122.47107508849146,504
-25.497303262813457,-87
-165.35801714459285,-55
-70.66614881221834,59
-343.3654469345798,-984
-87.29668829300189,0
-53.42573814376827,22
-63.69207290572557,23
-52.671829841640104,168
6.310298578870048,111
-52.36553183676275,-5
-368.4501006973527,-185
-6397.150401327652,-7266
-47.7952380976136,4
-32.299471279325005,-370
-36.65550999448736,73
-108.26280155178814,74
79.35099706855928,-138
-136.9855233607853,-388
-157.1326801857772,24
-103.7077089596561,0
-167.84769045961679,-217
-235.93484771534855,31
252.01984578661364,384
-330.06539952311863,-208
-160.61816203801305,-24
-350.8225343077814,-454
39.09297371541393,-335
-15.980925740681798,26
-105.36738208848571,84
-428.50289497322643,-94
1143.6030419943797,1056
-278.51795932818175,-366
-170.4647534527927,82
-178.43614942490467,-539
-130.0829422070712,46
-542.2832401538179,-573
-1839.6523982508138,-1733
-220.98398420062432,-32
-462.9789726737112,-373
-161.10288713907227,86
-167.68269490604905,-91
-379.5171314750909,923
13.241845906543432,133
-365.41468890245716,-524
-346.4099697183867,-354
-128.80176826372838,-51
-14.798219202564827,-145
28.65931664375436,134
-657.3018244238481,-1080
-58.45284041899358,139
-91.61397166364756,10
-534.3689861566934,-395
-28.455745933366224,-43
-23.627204089655336,15
85.6731386514288,131
62.43522547988857,35
-626.4477056985653,-288
11.747151463469422,132
-522.0062187340362,-97
-162.5211400751623,-51
3310.3472931813603,3427
-153.02256832756655,40
-770.5805536234743,-1101
-102.794579148719,-6
-881.6868013240144,-832
-80.84037221020577,111
-3.7700143779986206,177
-126.67712869900807,9
-102.80813976767588,0
-54.3107889927344,38
137.51492234289515,205
780.3310813484277,865
-54.12907624532327,117
-668.3393060211972,-447
-298.27108065766924,723
-37.27441749087687,17
-111.16963003298211,-91
-48.07653878569715,96
-66.82613794432916,166
-15.606739661819262,200
-109.65451106367304,-43
-3627.9198124674595,-4938
43.96733683165222,208
2540.5680877570194,6304
-396.9197966848424,-336
38.409118606738005,-169
-257.4596113621948,-118
8.8345237949396,56
-124.25867074354824,40
-127.81906590243211,-53
-85.212268807901,0
-22.586557638115007,132
10.983362336476794,0
-90.14842017516202,63
-360.7933698055385,-113
-119.02757123556093,1
-127.7238140618956,107
-155.52863076760298,-88
-178.64646056575583,13
-53.82610723546176,73
-90.00144129689194,-69
-682.8696590807832,-434
120.69967093188902,84
-75.22077033709186,49
-6.349128096316235,49
516.1502662986022,458
-676.4999009868908,-525
-286.38460837103145,-142
-169.17914642588886,-123
-2580.346964607963,-3914
1306.913161448458,957
-153.9707310325262,-505
-391.3925091378498,-394
37.68186355523454,-197
-73.4943363795323,-55
-18.3622393386501,-30
-19.34004638184743,10
-34.44001239880462,40
-608.2400428786827,-473
1115.4281964337124,405
-63.67009026704447,-8
28.72843336199115,36
-307.6310877103328,-212
-239.3826253437702,-355
-3793.539381651495,-4397
-64.96563500344811,-46
-4869.7486483757375,-5448
-148.32358522222518,7
-463.345577943605,-462
-29.265444146401137,331
3239.8465406305336,2148
-602.6669901916797,-522
-88.83127540549965,9
-81.38002592966959,-62
66.39080658299567,191
-1753.6663964785132,-1867
-108.2706346615342,52
-65.44445472388534,87
-253.52188272191086,-151
-1067.1382222188695,-1616
102.87596755636538,103
-178.03301222850007,53
-151.1934523150848,-41
-11.448104797172881,10
-106.25374521627161,92
-345.0777792144996,-531
-1423.6567645772984,-1538
111.67108362611908,84
-65.31055739156135,-41
-224.16106858245303,-26
-90.7884050068164,309
-80.97877190954783,-25
149.1033435652517,-74
-123.23367023012808,11
-167.3000065230072,-101
4999.98000554705,5054
-88.97315129474582,-102
-210.3825934160053,26
13.758969649075752,78
-34.25362014762848,-27
-1738.5747532118685,-2140
2.971084095343187,-1
-85.67179309234827,37
-225.9497998970284,69
65.68066052500284,171
-1994.2101116641338,-1260
-79.72899269221772,-175
-72.09509645420206,5
-84.00811855974767,-70
-252.18416948939938,-79
-54.585703939565946,16
22.628402010805345,311
-146.29572542142586,19
-169.07151043978632,-55
-70.83624931932584,-112
177.62798856416305,-388
-310.30132391275276,-64
-62.11213526941773,35
34.48282225731418,110
-80.58477271004578,-12
-249.66017394092836,-177
-920.7775560525755,-755
-106.8912256892285,10
445.1906749105138,506
-96.29695900819014,0
-478.74641292744883,-790
-1846.0828361722695,-2461
-82.48862773323062,73
-186.00252982615052,32
-172.24378021465486,-15
-123.87133972356627,-16
-34.83226353668702,28
-202.2592226625395,32
-15.315300150388381,430
181.46866375043265,507
527.6864699917984,869
-169.89877356981418,-118
-136.36625016043894,-48
-1880.1713777761693,-1711
-12.404199521466175,16
-64.57950279090193,23
-93.0030102656142,72
-149.90649382468155,5
-570.446505461265,-957
-1289.6666934151344,603
-58.68922299272401,77
-3229.176707931548,-4360
584.7925816582766,705
2154.434045143932,1619
-362.0362124034709,-236
-5959.292042982932,-7180
580.5050306387249,32
915.2449737454202,821
-98.54473398834747,-72
-119.79129325410061,-4
-2070.6744562372323,-1260
-108.40047460479822,-100
-906.0562877680138,-1075
3.2032677156530553,103
-575.6573565427543,-528
-232.28178360166635,-223
-128.49689956919792,62
-112.45186089357917,166
121.51667121592976,1355
26.00879187192477,156
-169.02729326902625,-48
-1481.9214533179725,-1468
5423.02649399786,6289
-29.016615408918327,290
217.1825838682082,205
-698.107973946833,-701
-192.12402663002314,54
-305.06275668007544,-281
-104.10154253725126,0
-82.39827628973183,254
-172.7730624310028,35
-6.443423716979936,149
195.5203293130836,223
144.6372066267583,176
-358.33420251493607,-113
-65.21182900556218,-6
-93.09285980258463,-42
1385.4435642676567,1540
-230.04382148986787,87
-93.43476272703974,28
-31.262293932558972,-67
-157.37377123046645,-40
54.41556510701437,200
-284.57706563941895,-67
-131.13259855367966,-56
-933.5684521735927,-1299
161.9034431796074,260
-186.81868079462964,-51
-105.65185478731557,0
-248.58048150055646,-138
-4126.797301862393,-7478
-35.32831336012958,107
-246.69174377386366,-92
-2331.5004525567388,-2047
-83.17273457601401,56
252.70213984756936,62
-133.33059129587298,96
-104.77481039051476,0
2049.276286819563,1571
-50.535897246462696,164
4036.3560398042414,4157
605.9102556540761,911
-1.77403861642469,50
-20.264606027898687,-49
-40.51959043452259,-24
-555.5343097116702,-244
-536.5881248906084,28
11.988071046848276,202
-227.96316618153566,186
-101.54471571027175,40
-153.3056817183883,5
-152.19591634934466,42
-110.26843993811724,89
-49.688960545060866,-28
-30.64364478251542,173
134.8157146534228,243
85.95209953515558,81
-146.6914837439345,1
1539.0965974751728,1439
-107.32202349770047,-70
518.8163635029197,37
727.9300386542109,1094
-894.2112551556633,-1274
-334.0161955248108,-539
79.6246432567901,-10
178.63461482052833,265
-83.34850532284663,0
-5226.826827991486,-5631
-180.59760708829901,24
-692.0742477701868,-430
-700.4090055855219,-1362
-102.53954800597094,16
-32.70157607269908,0
-2036.3133177100176,-3274
936.4327027411605,997
-24.25088830907133,-24
-608.045739312494,-399
-145.4076993032255,25
478.48582809669614,300
-122.88265182502757,-106
-97.40175922489676,-13
-108.99892167742509,-29
-90.81890341249311,-106
-144.13504636837774,-44
-67.46602940513941,-52
-766.6675652576935,-1275
-77.34463576026859,0
-40.84824718045741,80
-3.4926420086487653,-27
-77.22773634041694,-144
-417.1700511901719,-92
13.521460132275358,-38
487.2236233978027,152
-653.9639351940543,-142
-0.07331432370635582,-46
-81.44278563588266,-66
-19.089417758235427,138
-193.36195976037226,-244
-46.98308547844452,35
-561.729729839876,-452
-150.3496962525174,90
-21996.401154743526,-24672
-218.78337061617748,-169
249.46002894578652,35
-4237.707913607086,-5756
-30.691916323385165,-3
-65.96217292086088,85
-108.84244902716149,0
-2477.3253662290613,-3419
-29756.55856637828,-40443
239.69798445917718,178
-198.45283050258763,151
2261.772366530765,966
-176.50834870587732,91
343.35418227847794,-426
0.6015310875093292,-185
-89.82522801785812,-49
-19.62046558105061,27
-176.13429914991457,-193
-33.67737683703934,14
-153.84484354545032,-123
-42.47773971081837,65
-41.56723362867108,6
-281.5273612811525,-119
-294.1612224455794,-11
-220.89743258566347,14
-132.49856667747315,-56
-760.8018309682622,-625
-31.670173853525107,-116
-138.83809578032282,-149
-2396.111660256395,-2700
-584.9833699319772,-345
-53.29708459552469,79
-1409.959937301384,-1596
-38.58277232786567,69
17.582039083625958,41
570.558262790013,219
21.99205653185696,-15
542.441981907162,498
-47.44297366150225,30
742.7957459082252,717
445.2390481990039,439
-1705.7457280546348,-1507
1799.62444096953,787
-77.22028260166992,89
364.9481969989519,-49
-86.08155956513394,2
-127.80453687276959,36
-9833.99168435183,-12921
-58.03602156684759,0
4.165963299980007,79
-19.06534529730296,-170
-95.52621823097847,42
-187.16006704349604,-23
-318.1746013304116,-177
42.38382240902554,43
-156.05151831375468,11
-260.6321891601217,-60
-291.8966787665077,-84
-76.76753394276896,30
-18.82813466597485,-7
-32.82236409088941,105
-148.57599543487947,2
-379.320616452299,-626
-36.51084227233292,74
-130.81720150017298,-172
-109.75284119464813,52
-77.28983220356669,111
-108.43881611178774,-42
-73.77358502094928,60
-265.8090037479003,-1278
3053.057473764121,1424
56.774150230937266,28
-5.357255416641458,97
-8.75084475942026,-62
-28.544997890663588,52
-24.88173231819331,-63
18.788786681878648,92
-431.2772810320292,-145
-299.6084556655298,-736
-361.5916265957421,-419
7619.484879493135,6788
-2019.1041554315398,-1356
-1543.4820856358665,-548
-183.94847577571255,-79
59.933520107182545,140
-110.9156040806984,164
-60.434027299958665,-79
165.59765181817238,235
256.07627749076914,160
73.46621115113349,66
-30.88212316127763,-45
8114.013670623923,8086
187.30577260681395,713
275.34157093788616,280
143.64089993910005,-120
1765.8693199877514,6404
0.5001844455074931,-3
-196.16969654637995,-144
-60.511045630456934,-85
-239.41869946220606,94
-787.3728270642175,-1522
-7.535556096831073,57
-338.1982701452608,-227
-17.923034390340597,-11
50.33732050622177,215
-322.9600231777552,-214
-11.381396476555373,65
-254.16486760050714,-154
87.23631447655934,175
-123.05704452733643,15
-183.73590727558576,-19
-614.1039916995645,-440
-484.73252697675326,-298
-142.5331523055795,-25
-781.8724137978824,-1316
-142.10781699734645,-72
-138.85308177686102,-138
-698.3423898794869,-511
-47.59811762455796,35
-2376.672211691611,-2252
2312.6267578808993,2754
500.47105364708557,109
58.197060639791104,-37
-41.565092329808394,-185
176.7088775742165,31
-118.35523243997655,17
-20.217008763501987,-82
-82.70170678668174,110
-48.602030815605616,29
-925.9364656344063,-796
-101.69387743310703,0
14.832010125095877,-74
-2191.755432045407,-1962
-190.97834689488042,-66
-140.73726427696494,27
-171.1439089768138,117
-897.719050819627,-224
719.1472640246603,1214
-77.41002323916436,48
-729.8731742302285,-802
-50.02455312757973,16
614.3465452995189,1261
-652.5480628343573,-363
-885.3692943990203,-576
158.1920398218091,432
199.9778572479567,177
457.5093289594975,292
-108.3165995919954,-61
-218.2300271339882,-77
-34.41827189013411,-64
32.86160307115286,-54
237.55027738745622,282
124.47748568164513,63
356.95607487996887,438
-181.97613937998926,-266
-131.35007328156416,-27
-360.75699671521005,-274
-78.05245158715206,-352
131.1467475986746,410
-107.12456066452258,4
-186.8136633859358,-54
285.094912689904,404
-181.42452313555532,-111
-386.0165226714261,-435
-57.133569381597496,38
-76.79560358999692,0
-683.4677642641701,-1118
-36.819949507361216,-96
23.194056826393677,-13
-88.95943065182966,-23
-11.75919878241956,30
-482.0623583958607,-345
43.32505612645709,34
28.361249020964507,87
-19.389805171772778,13
-124.83069851569617,-55
-67.20004863575214,-24
-112.36133152889789,59
-160.18428626993136,-86
-121.9212683980849,-102
-99.16100264646347,-17
-168.92302531190074,-3
-108.99095368119556,53
-85.72270086338989,-70
-2255.1108356307655,-2916
-556.416283042346,-291
119.98886775257665,-441
323.32863893163693,734
-4026.162040609082,-4278
-91.67020567251045,-100
98.03248049296229,90
-6059.407701484974,-6985
73.35631180662986,-72
126.47302532374216,351
-350.54141749328625,-541
-61.34031934065542,30
7.967978013291322,-210
-22.110847718636002,51
1810.3364676174465,1227
2.470912687547056,101
121.83609468247948,102
-75.4587166165917,26
-25.105483052485212,0
-26.337217339816917,91
-22.937279583830268,-66
-63.168616651245145,-102
-489.1642693099837,-560
-1175.231386613763,-965
-54.45049292500133,-16
-1843.6053750864626,-1950
-43.800751705366174,54
84.17258519237448,90
-111.52493530106291,-6
112.22180363747223,241
-477.3004607374326,-703
-92.49041101405528,-96
-56.70066885295983,63
-605.6208338451357,-746
-39.54550651813479,12
-97.22877716444545,23
-18.985576742462065,-52
-99.08213610601825,9
-118.60081438644282,142
-101.19031808002168,70
-943.3829671757911,-817
109.87349248164524,164
328.3762230588796,881
15426.309534812877,12150
-492.0102113533877,-540
757.3974557892496,773
-309.1263305677714,-92
-161.78404622416974,-68
-112.414417836836,4
-2726.7871688603345,-2867
-103.67259420881352,0
41.9224243194499,71
-165.2212218082359,-44
-78.19328890637813,10
-183.16727254190744,45
-2118.966805631158,-2292
512.3534578932407,421
-270.43822993411897,-9
-74.42731045111154,170
3.079288808129334,-143
-53.75199104549138,0
-32.18145021288386,-5
-88.5018848054765,-1
-50.48034346432852,14
71.03580060981673,-71
74.45570334111162,-500
-3.525958655113925,-30
-29.181605164804303,38
-88.87214817243822,-71
-35.778694631466564,0
-20.849109861068392,103
13.68148017196657,2
-167.8321175112494,132
-116.56524508099018,-253
-51.685302807602994,25
-831.1218806047787,-533
-102.56629479081778,4
-393.6375727439464,-290
-50.73983668334775,-219
-141.6006920656024,96
-124.71255842965486,-284
383.0135544415372,1149
2110.5617450315985,1757
-330.0260453959384,-247
-18.380857756283973,-72
788.9086094295585,1092
-132.04152343053045,-100
-1347.6425482417042,-2152
-1465.6923243947558,-1163
-691.2599794643464,-1564
-20.546496659488554,-6
-210.83088808060273,-65
1502.6532925604151,1356
-26.272785407213654,0
-154.1071367765008,-176
255.09728951761326,353
320.33085581305954,1415
-92.40607375673675,-19
-474.153608474794,-679
-571.719326607582,-951
-1447.5666696856304,-1370
-36.72995855178529,121
60.83742680074168,199
-62.668539775064254,-60
97.61884457321197,91
55.214453959726384,1631
-116.40945020558019,51
-609.596259920628,-752
-55.83401775975117,11
-132.41245879834406,8
213.02289429545863,665
-475.6495526126643,-284
-136.38108868651915,139
-1031.769418405645,-1991
-322.9565631210795,-247
-123.44532350097504,-162
344.82534782293055,823
-60.50033927204755,67
207.336830630816,-56
-35.287632835138425,55
-68.58493270716723,-23
-453.736648968289,-74
32.955654157956886,-50
2454.8010294305054,2170
-130.78288829220486,4
-186.40921124624828,11
-745.0884595091688,-348
3.229101294478454,-19
-37.93259145889458,91
-206.2007016853612,23
-53.76396771144856,9
-190.95271630360526,-134
-420.32282629904745,-207
-116.92170907407423,-11
5.44483955324192,30
11.627494211684379,201
-120.94550195032757,38
-1474.308195334777,-1544
-140.57271704126418,-91
-133.3203359710584,-23
-50.66272222682319,-49
-1836.783927581205,-2451
-20.9221196322371,-12
-158.70611421845416,22
623.1939096971358,650
-37.919331321137484,29
-472.33897846230803,-775
-1131.7478778374566,-1306
1834.5045448472813,1320
-374.2390214039854,-308
89.92173198163003,222
-102.52101206702433,-118
-288.6120490094072,-80
66.4046990886987,149
3.690333943399459,115
349.7477436502394,481
-303.0262223316806,-53
-894.4277717853346,-951
-84.02022110399221,32
-155.04978188661903,-123
-199.5906702859068,202
-7048.357690941237,-6550
144.27312569920224,93
12.07055850713396,33
-1058.4386892860323,-1334
85.47098128020646,76
4.311720097605004,-129
-703.5572133003686,-827
-0.655071038212256,-52
-1111.4145408223224,-1142
1009.7832813530342,-33
4212.368264729582,-4939
82.51190325959884,199
-268.545545297873,-633
69.03289363662199,209
1604.5499240408,1696
150.56566374943952,-6
942.0421428255448,1064
-374.8170684665204,-290
-57.05174149831182,70
-67.86814945408103,61
-269.7823036238089,-516
-678.9740600570616,-441
-441.9546120169972,-121
-381.74883507063583,-309
-84.17194108421062,-60
22.405959721635895,-58
-60.02286692663354,42
42.602776377441955,289
-24.502877332179878,196
62.707129136421756,-1
280.7536186420552,-376
-258.05416883469564,-781
-146.794368409843,133
136.89154893709792,326
-99.82988338622529,-5
71.123591108564,-8
-946.6503008105694,-1159
-96.89265044110692,0
-135.80897300084956,-80
-57.33449778927059,66
-189.98745801382387,-41
-651.4017089004601,-669
-197.9384589802752,-17
-141.87179962392236,-119
-41.921957782324185,145
1395.4409851772436,1130
-3030.5324508129843,-3154
-103.49242825345162,2
-22.741693646860234,138
252.28425577037456,324
226.9871738281173,-140
-907.325356178229,-1205
-72.96004636443891,92
-84.87086769734633,-42
12.528109814076345,66
-145.28703139641163,-60
-78.21704047682786,3
37.28005617599147,94
-74.2331862513435,-62
-91.4430155050945,-23
-58.18950600357815,-5
-136.6707631912534,55
359.06782226975446,189
-140.56961133891673,17
499.08650048511987,384
-8.898878726229583,127
-20.806245206602135,-48
39.613916389591175,-24
-327.96370784278474,-431
-161.52858248248384,3
155.27885923041748,-1
3.967048921947253,127
-86.86066228345176,108
-1197.8967293782882,-1059
-68.97479021770252,0
-124.84183773749442,0
-181.36306858018708,-76
-573.0703972934165,-619
50.51899776312705,114
-989.8416119087842,-1105
-309.3116122238341,-60
-192.67103951676955,-64
-12.805307012364324,114
-49.08440691802859,50
36.713104005343325,62
-530.5874904596153,-507
228.1056270529525,-1076
-78.4468941299745,54
-278.77864014825883,-181
25.21764268766306,-11
-40.96606835797168,0
179.98910820237364,318
-85.72846806966237,58
-56.11260042304758,-8
2131.203981122444,1404
-224.14723570908154,-237
-6.763348283730814,159
-34.762494109040205,44
17.884354633217136,-55
-146.20453602600963,-9
-105.73422122600225,-102
-52.479769945935956,-16
-265.95978009615635,-275
-108.802561015038,346
-98.55996533259486,0
-75.4563922647394,38
-12.66641243110358,-3
-46.40667016906518,15
-49.08654429048539,16
-23.61543735579508,3
6240.66720570608,6489
-160.1326630497099,-179
-48.537430485639945,0
-53.76218542381888,32
-614.3271397852751,-109
-171.23353908676967,-24
-88.38530282035502,0
-492.75071209179345,-333
-68.57314561908643,-56
-95.9695459259475,-84
-219.90795008955808,292
-77.61702486306156,125
-404.2465022353824,-169
-1157.2772989213618,-812
-22.50452840741469,-3
-76.9783398604577,93
-182.10160798120097,2
-24.02221696094503,119
-41.23835765360441,28
-41.404196514009534,50
-171.54361672204487,106
-70.82126241395476,9
-69.14227687074501,20
-350.3261199395014,-248
7194.144433676467,7482
772.4593012375415,-221
49762.39165573389,46148
-90.43044892978156,92
-86.63812064003024,72
-68.98655536462336,-74
-4.891350294928586,78
-327.46148871843934,-226
-89.4814491893211,4
-79.13068993506151,44
-83.60273458283035,-6
-82.38670644223059,-52
1664.0028751206,2050
-41.92377318599243,-62
-103.16965638421729,87
-553.7969633949314,-740
-810.6714171957389,-777
-36.97565593055839,184
-207.28237166509905,58
-2778.2823138786453,-2895
-13.234090620503778,229
73.99399751223442,13
53.804068446430435,-33
-97.79988534525589,27
25.041173863266643,95
36.84263930767666,140
-136.50025594587487,-70
-49.974309816935474,69
-102.57678198228373,19
-1331.4386188062701,-905
-75.2261573331571,30
-198.42781877296534,-72
-2.9523313857439035,16
-138.02617882241447,-83
-8649.937929616368,-22214
-251.01147746486419,-83
-79.47274788221934,49
-32.86615720368222,24
-74.30869316258018,-3
-212.97236723226462,-5
-236.03292260038353,-42
-33.83908160754628,194
-47.39685824153484,55
-267.00536570630203,-732
-186.4344334671366,53
-29.88435431781584,42
-493.020688613205,-365
66.9529867726802,44
-86.27449168389826,111
166.55994598484142,441
-13.442031333856825,-43
-1325.0586242131953,-645
-31.688164900356135,142
471.23711647359426,354
-116.71347738407832,-199
78.00404089128652,220
-345.75448961975934,-106
113.01136089524854,356
-48.45848580535939,251
-88.72355788077155,82
91.9643475509772,86
-148.53530925527025,72
60.79355902695576,-105
-1705.7163348833433,-1333
25.278662848080288,-31
-86.54211632714475,-14
-210.70529218755934,150
-1352.4458421891677,-821
-27.40674897434114,53
-288.47341472372335,52
1475.891037075503,1632
-100.84200699443501,178
-345.6870938886529,-63
-10018.715588395899,-10404
835.8579619228536,560
-61.71919636706937,-72
-1318.7928092964107,-1882
156.8415621354942,27
43.72461374853721,4
-68.82830937777528,-9
-144.08989969004455,-102
-121.63212134775452,-18
-154.90542850555846,-453
-245.72755642954286,-48
-123.51446038839092,0
-162.76893165847343,-100
-33.77477771550828,0
-3313.8629601502003,-3274
-24.64896513476063,-6
-448.77288725669035,-382
-218.2368704284699,-59
-63.41206967096698,5
1.8395006267534484,69
-345.34906715071224,-793
-886.5646019184899,-716
-58.19577400365931,-88
-101.09269966940163,3
574.4410761473926,374
-45.325283932600684,10
1218.022290017922,1153
-95.88104930513369,-50
144.8620255803362,54
-24.23600697283878,-5
-3128.8834139593437,-1965
18.530224818532744,75
-258.0641672431144,11
0.7968297343992958,107
-248.08989829690182,-93
346.7751279384168,24
-2146.6165593410537,-1906
-473.75973166396506,-589
-4195.8099574699745,-3311
-42.8901856434904,122
-78.29179568218973,0
-88.7105377293615,-108
-114.2343433642712,29
-94.69256514007046,0
14.640677445011207,33
1503.1817813069003,880
13.81498542714688,102
1621.6565781545582,2613
2.230305031688644,148
-169.08524753632815,-92
5860.437811840226,4917
-1374.6126343907874,-1631
-2863.823534944641,-2482
-22.424789573380664,58
-1393.5709358768008,-1613
-62.67989923165675,58
-76.27586221578757,23
-155.7724855605802,-95
-109.6533855032498,29
-22.875621048496313,-23
-46.80565484552236,10
-1143.5572910417723,-1018
-1831.1470748497243,-3069
-80.18572603557642,-28
-9.957869993756773,43
-46.44500211496538,29
-95.20856284457366,64
236.5719601011823,249
-217.61525999097904,-94
-129.1899172939705,0
1209.453321079544,900
-3801.3763453981232,-3784
-307.74177915743945,-291
-155.10460453105674,-80
308.3837251207912,259
56.61914531210675,57
48.07407093871906,19
-161.2115982449008,141
-880.5535956309516,-115
-83.8162800738299,-237
-352.76348038983,-156
-107.80160450819942,0
-53.64816851411268,-48
-72.53873734488742,-65
-86.4680141122815,-198
-128.38269501035336,96
-33.07469206658605,-9
20.876470326841044,194
302.43644869498456,297
-61.8890246747624,-136
2.503437165439948,167
146.67173342569134,153
-547.9971455495596,-501
-214.58613921575613,-159
-101.97720544815431,4
-91.949843466618,153
-119.70957339465599,-4
-124.55399335683707,-117
-96.76120231077219,18
-63.75903353650959,1
-110.29372195106036,7
-44.87231419855461,0
-197.54945538548367,-157
-4280.475870811853,-5320
-788.6091424220995,-703
-93.10133127121347,23
-1207.5719417470573,-2201
19.051437334574985,145
-147.82390163491243,-120
-96.44306467958879,0
-67.65203298035887,114
-101.98872110621245,-117
-113.58362920263397,1
67.92739625609399,-110
-53.93573680325205,0
-354.02438806545484,-284
-203.81447408772323,-92
-507.6444362787357,-682
-138.30528791789908,-10
129.58622784291725,13
-200.48889743347962,-45
-36.46409883347204,48
-287.7996561359377,-302
-65.13995000009788,123
-496.7333633929692,-464
-448.66845108249953,-392
-71.9483416414793,2
-95.06669371141146,70
78.66881714525631,85
-37.59780113243198,200
440.064285040097,-160
-134.73660320455525,78
-81.71402393116192,-178
-118.35332370531263,147
2937.4668357247324,5866
-120.20952632296851,36
-65.02418881441662,61
-79.19845927181794,-52
-0.9922675896391837,279
44.278332241505474,-2
-18.398197884120854,176
-107.15398066504926,24
-167.89270075382223,-105
-305.0281863219721,-62
-127.88328079997488,150
-228.27614147082915,-58
-208.32304966433708,50
127.62745266088352,208
-2736.3956833019392,-3314
-103.28389706468914,54
-297.0990421302307,-305
-36.29777909560295,2
-146.28990016819733,3
60.95666393843205,74
-111.96947864257628,-59
14.02459544107333,102
-120.48327849640951,-44
-122.89380978336706,0
30.888335202945576,53
-129.63932598955319,33
-530.9277554031885,-575
2.2397304355577035,7
-7092.20253746335,-10301
291.57883043845226,-102
-1026.1183350545257,-799
-188.2756243937095,-38
-238.0973746350764,-21
39.147450684985444,180
-165.49222844312942,12
-1162.0926291579117,-1197
-538.5819883834091,-316
-177.4447942907758,-89
-1069.0181943815383,-1270
-114.5612203715075,-6
-34.65905132682271,-116
64.62551540726068,96
-3994.5483402829504,-5538
-805.9638862054397,-521
-1081.2069928659905,-1220
-64.29451006207428,123
-227.84952047202393,16
-203.35570823400508,62
274.20588492218786,394
-6.135190072638515,-112
-75.87113278154065,66
-51.273653210230336,-25
5783.884328971726,5662
-187.48833492983692,-15
-485.6130791497466,-470
-179.1000216294812,34
99.35639454600957,61
1317.9124628330085,968
86.27154015890764,-102
-68.71270916741513,128
-78.73749564823476,61
-258.9382742866486,-172
1812.2939851405813,1299
25.172769218804476,-22
-69.5021724553499,-9
-202.22552711133523,-385
2456.8165319726118,2721
-231.6003281684633,-92
-77.72525491392287,0
-75.75911444957836,98
-439.32762440807375,-296
-1603.2878089980177,-2728
13.371261733420653,37
-294.90647257564143,23
-3064.6082705320337,-3562
-205.05006394845378,45
98.25743143346493,-120
31.64212127893778,-20
-93.841966658744,25
-40.265916116741806,59
-59.34829726434893,244
-53.477719434417715,-41
14.197179403587306,60
-775.6852344656327,-1072
-1657.044938940449,-1592
-741.117781622567,-740
-57.949260824161954,-57
-30.23175381819562,35
-71.68088867461749,84
2423.0937622019883,2689
-514.6507907026123,-417
-64.10616124434594,4
-129.07746482135377,4
-12.287655390629013,43
33316.76599745826,34997
-837.9045909635837,-1211
-1022.1120265013429,-856
-204.94289961970895,-46
125.78243423801472,-49
-618.0894061632956,896
1470.3916129592956,2870
91.38623232282961,-302
19395.85959792007,22146
-555.611482662549,-461
56.90127181389592,0
19.090896030095834,27
-84.75258770769993,12
-60.00176028104365,24
211.2285120149645,428
137.03575848386208,68
-49.137322583952866,124
-81.69181758024972,-105
-109.97681177629978,23
-96.71667758873103,-145
-64.17620315794802,80
-317.0034972629383,-552
2.55777602241033,130
5296.708707414177,4889
28.586943311168454,1
-85.59271071621295,-18
-108.49301367628581,-21
-71.09448479363827,-8
-373.648783434016,-270
12300.75590769883,15128
-85.11743875775244,0
-136.01391616904016,-5
-5307.071730259223,-4846
-99.72943251991475,-17
-8779.940830722073,-12806
-208.7904219214509,-180
2132.6065627131034,1820
-239.8761709690894,-221
42.635821504218924,186
-297.0747364121983,-419
-876.0814518774995,-573
-141.57342966327434,-47
-8990.407311967909,-12328
-121.29941398291798,27
-72.6944021775833,-53
-192.5183220647245,-30
-322.1747744211072,-152
-369.5774704289483,-77
-143.91041153891774,-19
-93.52523430295518,-30
-1342.9238577161777,-1870
-201.01611099657612,48
-1471.7555609082206,-1512
-163.3286534118119,60
-272.2338799318994,-386
-137.5009234175626,30
-196.09171913610396,-85
-69.3375575915828,38
-80.3511367990225,-44
-107.81977729028328,-393
-289.00714224318574,-399
-9.942457886982908,-94
-611.4946814301394,-150
-84.56017475606649,118
-195.90097575486868,-273
-14.99099186768737,-252
-36.68023837653442,-26
4498.987089718359,4453
23.686439048963194,220
-342.18753354878714,259
-81.54829574857833,-9
-214.345822546713,-255
-30.96321162195651,111
-229.84576768331982,9
13.484197631058578,-35
-858.3323509075211,-514
-3233.617543902163,-3348
-125.88042114042545,-44
-127.7782105405867,13
-183.12106947434648,-160
-55.248393178981395,23
2911.383734715082,4174
-0.03385505510934195,-4
-40.21224216408379,-48
-86.31057673000632,43
-164.38634760513366,-219
-40.143257809890514,9
-1399.1032798142094,-1673
6495.290084835656,6531
-105.06931365502305,-33
-352.9254564758811,-212
-45.22716296091909,14
-194.12719958910435,-180
-319.9099043813819,-170
-60.50442395152928,118
-1717.1097538637414,-1352
-3462.8920670710518,-3206
-1131.4036482649597,-930
-51.887875694627866,3
-11.569553471237775,-90
-94.67879698585152,-5
-216.41462405610508,-2
-95.35793655621201,-14
-99.54167837893492,-3
-62.72740942199858,-141
-232.35679845925557,-50
-102.36053758104505,-41
-176.75305755909648,-190
-72.93973833043907,22
-180.54074200658852,-511
-1025.2795217671642,-710
-93.95150573850661,-48
-94.62331376517719,-131
-632.3745717238673,-333
-112.45808202737966,-62
-52.45799188690523,80
-123.1560150045154,-168
-1130.2429566756,-955
137.6280462694778,95
-4145.463848728382,-4855
-124.08943844876464,33
-52.24019448375072,52
38.717469303921284,64
-92.40476587167018,0
-1044.7405721202508,-931
-185.68189841539134,-95
-801.53355155363,-658
-13.879837224498743,-51
-2032.9778708913252,-1769
95.67199892655368,-133
-1101.4738695403578,-700
-510.2423827694292,-81
-1120.8301818747361,-1125
15.145945332526836,36
-92.91207440355909,196
-301.96754469044606,-139
13.264920691425587,-970
1308.850619082445,829
-31.988766215167587,-65
56.92272200906663,66
-71.09656032573076,59
-133.64737910615128,73
-105.44765054107668,-141
-95.47605594580175,-88
7.334703048688098,166
-27.434659230381556,13
-160.94626642577094,127
-191.62087714837577,-57
-89.24655282127645,-15
-340.9257765065371,-344
-822.9215535448991,-806
-1071.0245423479807,-1325
-118.68097540549512,0
-558.2978881847278,-952
-25.613200750347463,147
-120.95511689217672,-52
-47.32852444935813,-12
-15456.93837991513,-13653
441.74484934817315,421
1147.3162860180262,946
-6.6199839197570896,-167
-171.10666552579113,-18
-72.47978594972747,70
187.2902842539376,38
-104.40480693248799,0
-87.89904380469149,74
-1673.2239422400803,-1044
77.66576923887027,30
-73.94060901387017,176
60.688062071248,68
-128.0833121076035,44
-57.31723134574295,71
-71.88306386879684,-106
21.60869934406847,301
-42.163618676540665,42
308.2990470357239,553
-162.79759800591637,55
7619.680130432824,7645
-620.3148498018545,-366
-142.14116827694653,33
264.041293381808,288
-478.530805271284,99
-242.6459669920946,-97
-60.50452232807311,-42
-452.9766216685686,-58
-63.99854957658053,-3
-202.132100398653,-35
0.39185129528529217,232
-141.798095438139,-5
-122.92630205381188,-174
-133.31887642827695,-295
108.21188718065619,319
-81.11191818012075,6
-58.96870284397324,59
475.8028557202112,897
-61.80342653785831,-73
-210.22213704981135,-191
-231.32146401781222,-178
-78.20138987353813,-59
-28.350378880957017,-17
617.03891467095,409
-53.99260898438084,0
-56.53436183740322,-39
-71.75404483775753,42
-533.6599527711141,-397
-269.50564267163196,-82
150.35434789120495,-15
-110.38119112101678,40
-132.95875138073274,51
-101.33008506607277,52
-465.5174783287192,-90
-1011.0364085112028,-1514
-53.84098460876222,25
-79.38990956801464,0
104.73962211207261,293
-205.63531376213285,-181
2.0978088052386994,35
-154.60422043229738,-41
90.45873450363977,286
-301.55527768337055,-395
-4825.404339544359,-6064
-157.92332514781316,-101
-41.6764621397689,81
-102.72767139607653,-3
-191.51148961938884,-92
9623.013574202514,11762
-21.49751941757127,37
-132.52315908774028,22
-90.31146294303969,-41
-1710.8706388924197,-1617
-100.94720311683544,-18
-65.23017364618376,-32
-216.47466781842593,-136
-100.1083752404156,147
-29.335304716579166,-40
-601.1728062158066,-582
-1257.0370899716008,-708
-118.37145671387555,44
500.0907265027842,541
-193.54279903332406,9
-4.423362450654551,76
-345.45165140658594,-145
-240.2122958228294,78
276.6834791583879,-214
4091.855042172556,5945
73.10946423019456,-31
-7.98437690624057,83
-74.27377813299147,73
107.89878176163847,125
-12042.028851898993,-15108
-125.06977508730803,22
-1597.9174797109972,-986
317.3714136734977,46
-536.8560440355211,-471
-15.229381093433517,-198
-66.39139909077079,-131
-8.501404745698558,58
-76.36804122719099,-1
470.61667393521105,147
-94.65966743865248,0
-11.695606014330693,33
-90.7545298220107,4
-102.1949437321838,27
2042.3878625678724,2544
1683.0299369814832,1691
-116.74481722830471,0
107.87543732703817,118
-122.71306676411184,-4
-2914.3735541535852,-2956
-584.0894387754986,-280
-107.7295914970627,7
55.60784501283534,-164
402.1901736304678,353
-698.8893378628117,-1301
-243.97801992435382,74
-124.21873230967368,0
-169.31691894353554,-159
-75.85819768685859,99
-109.77231170007929,-14
-12.52130562415369,31
-562.0458884251211,-525
-67.55271895618777,30
-684.1971125573648,-171
-422.8771096290903,-308
-63.39594115731899,-19
-89.04642375996836,-95
-306.8147943315766,-485
-91.28595572168176,-120
-115.71296866777789,-5
-1642.5105054956762,-2648
-66.77504926333812,58
-81.49505640060785,33
-188.43254335810184,101
-89.8584695421159,57
